Topic ID,Title,Fancy Title,Slug,Posts Count,Reply Count,Highest Post Number,Image URL,Created At,Last Posted At,Views,Like Count,Pinned,Unpinned,Closed,Visible,Tags,Last Poster Username,Category ID,posters,Original Poster ID
20722,The Arbitrum Expansion Program and Developer Guild,The Arbitrum Expansion Program and Developer Guild,the-arbitrum-expansion-program-and-developer-guild,3,0,3,https://global.discourse-cdn.com/standard17/uploads/arbitrum1/optimized/2X/c/c4d701496e68a33403f8af19f938be89b33823f0_2_1024x576.jpeg,2024-01-18 19:37:26,2024-01-18 21:30:36,3303,28,True,,False,True,[],everhusk,4,"[{'extras': None, 'description': 'Original Poster', 'user_id': 7, 'primary_group_id': None, 'flair_group_id': None}, {'extras': 'latest', 'description': 'Most Recent Poster', 'user_id': 14545, 'primary_group_id': None, 'flair_group_id': None}]",7
7,Welcome to Discourse,Welcome to Discourse,welcome-to-discourse,34,23,115,,2022-10-04 17:05:46,2024-02-03 07:55:06,14297,543,True,,False,True,[],mhiztasolid,4,"[{'extras': None, 'description': 'Original Poster', 'user_id': -1, 'primary_group_id': None, 'flair_group_id': None}, {'extras': None, 'description': 'Frequent Poster', 'user_id': 9594, 'primary_group_id': None, 'flair_group_id': None}, {'extras': None, 'description': 'Frequent Poster', 'user_id': 13800, 'primary_group_id': None, 'flair_group_id': None}, {'extras': None, 'description': 'Frequent Poster', 'user_id': 14299, 'primary_group_id': None, 'flair_group_id': None}, {'extras': 'latest', 'description': 'Most Recent Poster', 'user_id': 1761, 'primary_group_id': None, 'flair_group_id': None}]",-1
3,About the General category,About the General category,about-the-general-category,1,0,1,,2022-10-04 17:05:43,2022-10-04 17:05:43,382,4,True,,False,True,[],system,4,"[{'extras': 'latest single', 'description': 'Original Poster, Most Recent Poster', 'user_id': -1, 'primary_group_id': None, 'flair_group_id': None}]",-1
22489,Arbitrum Paradigm,Arbitrum Paradigm,arbitrum-paradigm,3,1,3,,2024-03-14 19:40:54,2024-03-15 10:58:44,50,0,False,,False,True,['proposal'],ImSalvo,4,"[{'extras': 'latest', 'description': 'Original Poster, Most Recent Poster', 'user_id': 15272, 'primary_group_id': None, 'flair_group_id': None}, {'extras': None, 'description': 'Frequent Poster', 'user_id': 14229, 'primary_group_id': None, 'flair_group_id': None}]",15272
22510,I need $3 eth arbitrum for gas fee and who can help,I need $3 eth arbitrum for gas fee and who can help,i-need-3-eth-arbitrum-for-gas-fee-and-who-can-help,1,0,1,,2024-03-15 09:21:23,2024-03-15 09:21:24,27,0,False,,False,True,[],HISPECdev,4,"[{'extras': 'latest single', 'description': 'Original Poster, Most Recent Poster', 'user_id': 14866, 'primary_group_id': None, 'flair_group_id': None}]",14866
22500,XAI is a stimulant for the arbitrum ecosystem to grow superiorly compared to other layer2,XAI is a stimulant for the arbitrum ecosystem to grow superiorly compared to other layer2,xai-is-a-stimulant-for-the-arbitrum-ecosystem-to-grow-superiorly-compared-to-other-layer2,1,0,1,,2024-03-15 03:51:15,2024-03-15 03:51:15,31,0,False,,False,True,['proposal'],dinhtu,4,"[{'extras': 'latest single', 'description': 'Original Poster, Most Recent Poster', 'user_id': 15282, 'primary_group_id': None, 'flair_group_id': None}]",15282
22340,Ethereum Bucharest x Arbitrum DAO,Ethereum Bucharest x Arbitrum DAO,ethereum-bucharest-x-arbitrum-dao,3,1,3,,2024-03-11 11:29:39,2024-03-12 13:46:28,113,5,False,,False,True,[],ZER8,4,"[{'extras': 'latest', 'description': 'Original Poster, Most Recent Poster', 'user_id': 9286, 'primary_group_id': None, 'flair_group_id': None}, {'extras': None, 'description': 'Frequent Poster', 'user_id': 7486, 'primary_group_id': None, 'flair_group_id': None}]",9286
22102,ArbOS code walkthrough,ArbOS code walkthrough,arbos-code-walkthrough,2,0,2,,2024-03-04 07:32:40,2024-03-04 21:31:35,146,1,False,,False,True,[],raam,4,"[{'extras': None, 'description': 'Original Poster', 'user_id': 13951, 'primary_group_id': None, 'flair_group_id': None}, {'extras': 'latest', 'description': 'Most Recent Poster', 'user_id': 14601, 'primary_group_id': None, 'flair_group_id': None}]",13951
22121,Fringe Finance is launching an incentive program for ARBITRUM Ecosystem token lenders on March 5,Fringe Finance is launching an incentive program for ARBITRUM Ecosystem token lenders on March 5,fringe-finance-is-launching-an-incentive-program-for-arbitrum-ecosystem-token-lenders-on-march-5,1,0,1,https://global.discourse-cdn.com/standard17/uploads/arbitrum1/optimized/2X/0/08024c886cd254f9d307d705ee6d6c49362e3f50_2_1024x576.png,2024-03-04 13:54:43,2024-03-04 13:54:43,90,0,False,,False,True,[],FringeFinance,4,"[{'extras': 'latest single', 'description': 'Original Poster, Most Recent Poster', 'user_id': 14939, 'primary_group_id': None, 'flair_group_id': None}]",14939
22103,Out of order vulnerability due to mishandling retryable ticket,Out of order vulnerability due to mishandling retryable ticket,out-of-order-vulnerability-due-to-mishandling-retryable-ticket,1,0,1,,2024-03-04 07:36:16,2024-03-04 07:36:17,114,0,False,,False,True,[],montyly,4,"[{'extras': 'latest single', 'description': 'Original Poster, Most Recent Poster', 'user_id': 13951, 'primary_group_id': None, 'flair_group_id': None}]",13951
21635,Blockchain Innovation Hub Bootcamp Progress Report 2,Blockchain Innovation Hub Bootcamp Progress Report 2,blockchain-innovation-hub-bootcamp-progress-report-2,1,0,1,https://global.discourse-cdn.com/standard17/uploads/arbitrum1/optimized/2X/0/0e48ec585386a3507a1e40991c03bc056abce7cc_2_1024x423.png,2024-02-29 19:00:30,2024-02-29 19:00:31,109,1,False,,False,True,[],iamoracle,4,"[{'extras': 'latest single', 'description': 'Original Poster, Most Recent Poster', 'user_id': 11404, 'primary_group_id': None, 'flair_group_id': None}]",11404
21480,Sequencer fees sharing for $arb holder,Sequencer fees sharing for $arb holder,sequencer-fees-sharing-for-arb-holder,6,3,6,,2024-02-26 19:36:45,2024-02-29 16:45:00,193,0,False,,False,True,[],Boban,4,"[{'extras': 'latest', 'description': 'Original Poster, Most Recent Poster', 'user_id': 14044, 'primary_group_id': None, 'flair_group_id': None}, {'extras': None, 'description': 'Frequent Poster', 'user_id': 14229, 'primary_group_id': None, 'flair_group_id': None}, {'extras': None, 'description': 'Frequent Poster', 'user_id': 14143, 'primary_group_id': None, 'flair_group_id': None}]",14044
21451,Urgent discussion,Urgent discussion,urgent-discussion,2,0,2,,2024-02-26 01:18:32,2024-02-26 19:18:55,151,0,False,,False,True,[],cp0x,4,"[{'extras': None, 'description': 'Original Poster', 'user_id': 14044, 'primary_group_id': None, 'flair_group_id': None}, {'extras': 'latest', 'description': 'Most Recent Poster', 'user_id': 14229, 'primary_group_id': None, 'flair_group_id': None}]",14044
21414,Quick intro to Open Web Academy,Quick intro to Open Web Academy,quick-intro-to-open-web-academy,3,0,3,,2024-02-23 15:52:18,2024-02-24 00:39:08,158,3,False,,False,True,[],eric_owa,4,"[{'extras': None, 'description': 'Original Poster', 'user_id': 13856, 'primary_group_id': None, 'flair_group_id': None}, {'extras': None, 'description': 'Frequent Poster', 'user_id': 14857, 'primary_group_id': None, 'flair_group_id': None}, {'extras': 'latest', 'description': 'Most Recent Poster', 'user_id': 14859, 'primary_group_id': None, 'flair_group_id': None}]",13856
21381,Arbitrum Hub: essential resources and guides about Arbitrum,Arbitrum Hub: essential resources and guides about Arbitrum,arbitrum-hub-essential-resources-and-guides-about-arbitrum,2,0,2,https://global.discourse-cdn.com/standard17/uploads/arbitrum1/optimized/2X/3/3219b7e0929ab88aab339388d119ae593802e8d5_2_1024x717.png,2024-02-22 20:28:51,2024-02-23 15:59:17,141,3,False,,False,True,[],cp0x,4,"[{'extras': None, 'description': 'Original Poster', 'user_id': 13907, 'primary_group_id': None, 'flair_group_id': None}, {'extras': 'latest', 'description': 'Most Recent Poster', 'user_id': 14229, 'primary_group_id': None, 'flair_group_id': None}]",13907
21335,"RabbitHole Bi-Weekly Update: Feb 17, 2024","RabbitHole Bi-Weekly Update: Feb 17, 2024",rabbithole-bi-weekly-update-feb-17-2024,1,0,1,,2024-02-20 01:47:01,2024-02-20 01:47:01,148,0,False,,False,True,[],RabbitHole,4,"[{'extras': 'latest single', 'description': 'Original Poster, Most Recent Poster', 'user_id': 14408, 'primary_group_id': None, 'flair_group_id': None}]",14408
21322,Real one airdrop or scam?,Real one airdrop or scam?,real-one-airdrop-or-scam,2,0,2,https://global.discourse-cdn.com/standard17/uploads/arbitrum1/optimized/2X/7/772267a7d079574f2fcbe22176fda3c417934d21_2_549x1024.jpeg,2024-02-18 21:55:11,2024-02-19 23:23:48,197,3,False,,False,True,[],Defaultusername,4,"[{'extras': 'latest single', 'description': 'Original Poster, Most Recent Poster', 'user_id': 14824, 'primary_group_id': None, 'flair_group_id': None}]",14824
21275,TorWallet <> Arbitrium Strategic Collaboration,TorWallet &lt;&gt; Arbitrium Strategic Collaboration,torwallet-arbitrium-strategic-collaboration,1,0,1,,2024-02-16 10:05:37,2024-02-16 10:05:37,149,1,False,,False,True,[],Hesinburg,4,"[{'extras': 'latest single', 'description': 'Original Poster, Most Recent Poster', 'user_id': 14783, 'primary_group_id': None, 'flair_group_id': None}]",14783
21194,RFC: DAOs Committees: Balancing Decentralization with Efficiency,RFC: DAOs Committees: Balancing Decentralization with Efficiency,rfc-daos-committees-balancing-decentralization-with-efficiency,6,1,6,,2024-02-12 18:55:13,2024-02-16 08:24:48,405,14,False,,False,True,['governance'],dk3,4,"[{'extras': None, 'description': 'Original Poster', 'user_id': 12166, 'primary_group_id': None, 'flair_group_id': None}, {'extras': None, 'description': 'Frequent Poster', 'user_id': 11975, 'primary_group_id': None, 'flair_group_id': None}, {'extras': None, 'description': 'Frequent Poster', 'user_id': 14229, 'primary_group_id': None, 'flair_group_id': None}, {'extras': None, 'description': 'Frequent Poster', 'user_id': 14139, 'primary_group_id': None, 'flair_group_id': None}, {'extras': 'latest', 'description': 'Most Recent Poster', 'user_id': 7486, 'primary_group_id': None, 'flair_group_id': None}]",12166
21246,Is Arbitrium chain supports the Torwallet?,Is Arbitrium chain supports the Torwallet?,is-arbitrium-chain-supports-the-torwallet,1,0,1,,2024-02-14 16:04:59,2024-02-14 16:04:59,146,2,False,,False,True,[],Hesinburg,4,"[{'extras': 'latest single', 'description': 'Original Poster, Most Recent Poster', 'user_id': 14783, 'primary_group_id': None, 'flair_group_id': None}]",14783
20664,Arbitrum DAO - official social media account discussion,Arbitrum DAO - official social media account discussion,arbitrum-dao-official-social-media-account-discussion,7,0,7,,2024-01-16 12:00:58,2024-02-08 15:14:05,449,20,False,,False,True,[],Sixty,4,"[{'extras': None, 'description': 'Original Poster', 'user_id': 9286, 'primary_group_id': None, 'flair_group_id': None}, {'extras': None, 'description': 'Frequent Poster', 'user_id': 14229, 'primary_group_id': None, 'flair_group_id': None}, {'extras': None, 'description': 'Frequent Poster', 'user_id': 13542, 'primary_group_id': None, 'flair_group_id': None}, {'extras': None, 'description': 'Frequent Poster', 'user_id': 14514, 'primary_group_id': None, 'flair_group_id': None}, {'extras': 'latest', 'description': 'Most Recent Poster', 'user_id': 11742, 'primary_group_id': None, 'flair_group_id': None}]",9286
21109,DAO-Owned liquidations using Collaterized Debt Positions,DAO-Owned liquidations using Collaterized Debt Positions,dao-owned-liquidations-using-collaterized-debt-positions,2,0,2,https://global.discourse-cdn.com/standard17/uploads/arbitrum1/optimized/2X/d/d1e2f63674b751ef6a6c2df523c495ce7a2e1792_2_1024x454.png,2024-02-06 14:49:46,2024-02-08 13:03:05,273,6,False,,False,True,[],cp0x,4,"[{'extras': None, 'description': 'Original Poster', 'user_id': 12387, 'primary_group_id': None, 'flair_group_id': None}, {'extras': 'latest', 'description': 'Most Recent Poster', 'user_id': 14229, 'primary_group_id': None, 'flair_group_id': None}]",12387
20887,Gauntlet x Arbitrum Foundation USDC Migration Grant Program Announcement,Gauntlet x Arbitrum Foundation USDC Migration Grant Program Announcement,gauntlet-x-arbitrum-foundation-usdc-migration-grant-program-announcement,3,0,3,https://global.discourse-cdn.com/standard17/uploads/arbitrum1/optimized/2X/f/f8853b3ca06000b07aade2b89ec60ea8834dbbd1_2_1024x296.jpeg,2024-01-26 19:23:41,2024-02-08 10:07:56,1048,10,False,,False,True,[],EzR3aL,4,"[{'extras': None, 'description': 'Original Poster', 'user_id': 4343, 'primary_group_id': None, 'flair_group_id': None}, {'extras': None, 'description': 'Frequent Poster', 'user_id': 12211, 'primary_group_id': None, 'flair_group_id': None}, {'extras': 'latest', 'description': 'Most Recent Poster', 'user_id': 14645, 'primary_group_id': None, 'flair_group_id': None}]",4343
20652,Arbitrum Treasury Management Report by Aera,Arbitrum Treasury Management Report by Aera,arbitrum-treasury-management-report-by-aera,6,1,7,https://global.discourse-cdn.com/standard17/uploads/arbitrum1/original/2X/7/73b242aa56edfae806ef75e7eacce2aaff09e5c8.png,2024-01-15 21:18:50,2024-02-07 10:41:13,1330,34,False,,False,True,[],BigRob,4,"[{'extras': None, 'description': 'Original Poster', 'user_id': 13910, 'primary_group_id': None, 'flair_group_id': None}, {'extras': None, 'description': 'Frequent Poster', 'user_id': 7486, 'primary_group_id': None, 'flair_group_id': None}, {'extras': None, 'description': 'Frequent Poster', 'user_id': 11600, 'primary_group_id': None, 'flair_group_id': None}, {'extras': None, 'description': 'Frequent Poster', 'user_id': 14528, 'primary_group_id': None, 'flair_group_id': None}, {'extras': 'latest', 'description': 'Most Recent Poster', 'user_id': 14744, 'primary_group_id': None, 'flair_group_id': None}]",13910
20846,Explore the Arbitrum Ecosystem with a Learning Mind Map by Lampros Labs DAO,Explore the Arbitrum Ecosystem with a Learning Mind Map by Lampros Labs DAO,explore-the-arbitrum-ecosystem-with-a-learning-mind-map-by-lampros-labs-dao,2,0,2,,2024-01-24 11:19:53,2024-02-05 09:30:18,308,2,False,,False,True,[],Euphoria,4,"[{'extras': 'latest single', 'description': 'Original Poster, Most Recent Poster', 'user_id': 12134, 'primary_group_id': None, 'flair_group_id': None}]",12134
21048,Contributing to Data Transparency - Lampros Labs DAO's Updates on Dune Analytics,Contributing to Data Transparency - Lampros Labs DAO&rsquo;s Updates on Dune Analytics,contributing-to-data-transparency-lampros-labs-daos-updates-on-dune-analytics,1,0,1,,2024-02-03 10:54:28,2024-02-03 10:54:28,203,2,False,,False,True,[],Euphoria,4,"[{'extras': 'latest single', 'description': 'Original Poster, Most Recent Poster', 'user_id': 12134, 'primary_group_id': None, 'flair_group_id': None}]",12134
20501,Grantee Help Session - Prepping for Decentralized Reviews,Grantee Help Session - Prepping for Decentralized Reviews,grantee-help-session-prepping-for-decentralized-reviews,4,1,4,,2024-01-09 15:03:09,2024-02-01 20:41:12,687,22,False,,False,True,[],mmurthy,4,"[{'extras': None, 'description': 'Original Poster', 'user_id': 12801, 'primary_group_id': None, 'flair_group_id': None}, {'extras': 'latest', 'description': 'Most Recent Poster', 'user_id': 12449, 'primary_group_id': None, 'flair_group_id': None}]",12801
20954,[Announcement] Introducing the ArbitrumDAO Transparency Commission Work Group Charter & Pilot Program,[Announcement] Introducing the ArbitrumDAO Transparency Commission Work Group Charter &amp; Pilot Program,announcement-introducing-the-arbitrumdao-transparency-commission-work-group-charter-pilot-program,1,0,1,https://global.discourse-cdn.com/standard17/uploads/arbitrum1/optimized/2X/f/fb6c0c55a8246b8c6eceb48cded64738afb1764d_2_1024x340.jpeg,2024-01-30 13:38:25,2024-01-30 13:38:25,287,5,False,,False,True,[],0x_Buidler,4,"[{'extras': 'latest single', 'description': 'Original Poster, Most Recent Poster', 'user_id': 10349, 'primary_group_id': None, 'flair_group_id': None}]",10349
20929,Stolen coins arbitrum coins,Stolen coins arbitrum coins,stolen-coins-arbitrum-coins,4,2,4,,2024-01-29 14:29:49,2024-01-30 09:46:23,300,0,False,,False,True,[],EzR3aL,4,"[{'extras': None, 'description': 'Original Poster', 'user_id': 14647, 'primary_group_id': None, 'flair_group_id': None}, {'extras': 'latest', 'description': 'Most Recent Poster', 'user_id': 14645, 'primary_group_id': None, 'flair_group_id': None}]",14647
20903,Propose to retract the STIP incentives for the Synapse,Propose to retract the STIP incentives for the Synapse,propose-to-retract-the-stip-incentives-for-the-synapse,2,0,2,,2024-01-27 08:49:27,2024-01-27 22:40:59,302,4,False,,False,True,[],cp0x,4,"[{'extras': None, 'description': 'Original Poster', 'user_id': 14637, 'primary_group_id': None, 'flair_group_id': None}, {'extras': 'latest', 'description': 'Most Recent Poster', 'user_id': 14229, 'primary_group_id': None, 'flair_group_id': None}]",14637
20786,Unleash Your Data Superpowers with DappLooker on Arbitrum!,Unleash Your Data Superpowers with DappLooker on Arbitrum!,unleash-your-data-superpowers-with-dapplooker-on-arbitrum,7,0,7,,2024-01-22 08:10:44,2024-01-27 18:00:40,385,24,False,,False,True,"['governance', 'pl-data-monitoring']",jamesbrown,4,"[{'extras': None, 'description': 'Original Poster', 'user_id': 13046, 'primary_group_id': None, 'flair_group_id': None}, {'extras': None, 'description': 'Frequent Poster', 'user_id': 14588, 'primary_group_id': None, 'flair_group_id': None}, {'extras': None, 'description': 'Frequent Poster', 'user_id': 14598, 'primary_group_id': None, 'flair_group_id': None}, {'extras': None, 'description': 'Frequent Poster', 'user_id': 13134, 'primary_group_id': None, 'flair_group_id': None}, {'extras': 'latest', 'description': 'Most Recent Poster', 'user_id': 14567, 'primary_group_id': None, 'flair_group_id': None}]",13046
20502,[Karma GAP] Grant updates,[Karma GAP] Grant updates,karma-gap-grant-updates,3,0,3,,2024-01-09 15:58:45,2024-01-26 18:38:00,509,10,False,,False,True,[],mmurthy,4,"[{'extras': 'latest single', 'description': 'Original Poster, Most Recent Poster', 'user_id': 12449, 'primary_group_id': None, 'flair_group_id': None}]",12449
20838,Diverse Use Cases of Asset Tokenization,Diverse Use Cases of Asset Tokenization,diverse-use-cases-of-asset-tokenization,7,0,7,,2024-01-24 05:31:22,2024-01-24 14:08:36,322,11,False,,False,True,['proposal'],Romose,4,"[{'extras': None, 'description': 'Original Poster', 'user_id': 13934, 'primary_group_id': None, 'flair_group_id': None}, {'extras': None, 'description': 'Frequent Poster', 'user_id': 14608, 'primary_group_id': None, 'flair_group_id': None}, {'extras': None, 'description': 'Frequent Poster', 'user_id': 14609, 'primary_group_id': None, 'flair_group_id': None}, {'extras': None, 'description': 'Frequent Poster', 'user_id': 14611, 'primary_group_id': None, 'flair_group_id': None}, {'extras': 'latest', 'description': 'Most Recent Poster', 'user_id': 14615, 'primary_group_id': None, 'flair_group_id': None}]",13934
20474,How Real-World Assets Can Transform DeFi?,How Real-World Assets Can Transform DeFi?,how-real-world-assets-can-transform-defi,8,4,8,,2024-01-07 18:41:11,2024-01-24 05:29:02,433,7,False,,False,True,['proposal'],Web3Wanderer,4,"[{'extras': 'latest', 'description': 'Original Poster, Most Recent Poster', 'user_id': 13934, 'primary_group_id': None, 'flair_group_id': None}, {'extras': None, 'description': 'Frequent Poster', 'user_id': 14514, 'primary_group_id': None, 'flair_group_id': None}, {'extras': None, 'description': 'Frequent Poster', 'user_id': 14229, 'primary_group_id': None, 'flair_group_id': None}, {'extras': None, 'description': 'Frequent Poster', 'user_id': 12871, 'primary_group_id': None, 'flair_group_id': None}]",13934
20825,A Builder's Dilemma in Arbitrum,A Builder&rsquo;s Dilemma in Arbitrum,a-builders-dilemma-in-arbitrum,2,0,2,https://global.discourse-cdn.com/standard17/uploads/arbitrum1/original/2X/a/a1d50f621ee7f14b3793f15f93af9d9d194633ca.jpeg,2024-01-23 19:16:49,2024-01-24 01:41:54,306,7,False,,False,True,[],cp0x,4,"[{'extras': None, 'description': 'Original Poster', 'user_id': 10659, 'primary_group_id': None, 'flair_group_id': None}, {'extras': 'latest', 'description': 'Most Recent Poster', 'user_id': 14229, 'primary_group_id': None, 'flair_group_id': None}]",10659
20789,Need help with AI Delegate prototype - you align it and it votes for you,Need help with AI Delegate prototype - you align it and it votes for you,need-help-with-ai-delegate-prototype-you-align-it-and-it-votes-for-you,3,1,3,,2024-01-22 10:21:33,2024-01-23 05:26:46,278,4,False,,False,True,"['delegation', 'on-chain-governance']",kirill.igum,4,"[{'extras': 'latest', 'description': 'Original Poster, Most Recent Poster', 'user_id': 14586, 'primary_group_id': None, 'flair_group_id': None}, {'extras': None, 'description': 'Frequent Poster', 'user_id': 14229, 'primary_group_id': None, 'flair_group_id': None}]",14586
20802,Governing the Future of NFTs with Arbitrum and Rarible: Delegate Opportunity,Governing the Future of NFTs with Arbitrum and Rarible: Delegate Opportunity,governing-the-future-of-nfts-with-arbitrum-and-rarible-delegate-opportunity,1,0,1,,2024-01-22 21:46:54,2024-01-22 21:46:54,236,1,False,,False,True,[],addigator,4,"[{'extras': 'latest single', 'description': 'Original Poster, Most Recent Poster', 'user_id': 14591, 'primary_group_id': None, 'flair_group_id': None}]",14591
20794,Is it even possible to offer 10% daily reward?,Is it even possible to offer 10% daily reward?,is-it-even-possible-to-offer-10-daily-reward,1,0,1,,2024-01-22 15:28:06,2024-01-22 15:28:06,255,1,False,,False,True,[],Kingsmaker,4,"[{'extras': 'latest single', 'description': 'Original Poster, Most Recent Poster', 'user_id': 14589, 'primary_group_id': None, 'flair_group_id': None}]",14589
20751,Enhancing Arb liquidity and DAO funding generation with Augmented Bonding Curves,Enhancing Arb liquidity and DAO funding generation with Augmented Bonding Curves,enhancing-arb-liquidity-and-dao-funding-generation-with-augmented-bonding-curves,2,0,2,,2024-01-19 22:18:48,2024-01-22 14:43:30,313,5,False,,False,True,[],Larva,4,"[{'extras': None, 'description': 'Original Poster', 'user_id': 14283, 'primary_group_id': None, 'flair_group_id': None}, {'extras': 'latest', 'description': 'Most Recent Poster', 'user_id': 798, 'primary_group_id': None, 'flair_group_id': None}]",14283
20630,Arbitrum Treasury and Sustainability Research,Arbitrum Treasury and Sustainability Research,arbitrum-treasury-and-sustainability-research,15,7,15,,2024-01-15 00:04:54,2024-01-22 12:44:03,1669,52,False,,False,True,[],karpatkey,4,"[{'extras': 'latest', 'description': 'Original Poster, Most Recent Poster', 'user_id': 13864, 'primary_group_id': None, 'flair_group_id': None}, {'extras': None, 'description': 'Frequent Poster', 'user_id': 12774, 'primary_group_id': None, 'flair_group_id': None}, {'extras': None, 'description': 'Frequent Poster', 'user_id': 14229, 'primary_group_id': None, 'flair_group_id': None}, {'extras': None, 'description': 'Frequent Poster', 'user_id': 10266, 'primary_group_id': None, 'flair_group_id': None}, {'extras': None, 'description': 'Frequent Poster', 'user_id': 14538, 'primary_group_id': None, 'flair_group_id': None}]",13864
20780,"Open Dollar‚Äôs first community distribution includes 69,000+ Arbitrum delegates","Open Dollar‚Äôs first community distribution includes 69,000+ Arbitrum delegates",open-dollar-s-first-community-distribution-includes-69-000-arbitrum-delegates,1,0,1,,2024-01-21 17:24:08,2024-01-21 17:24:08,248,0,False,,False,True,[],cupojoseph,4,"[{'extras': 'latest single', 'description': 'Original Poster, Most Recent Poster', 'user_id': 14581, 'primary_group_id': None, 'flair_group_id': None}]",14581
20521,"[Request for feedback] Idea: A novel decentralized algorithmic stable coin, with WBTC as collateral","[Request for feedback] Idea: A novel decentralized algorithmic stable coin, with WBTC as collateral",request-for-feedback-idea-a-novel-decentralized-algorithmic-stable-coin-with-wbtc-as-collateral,7,2,7,,2024-01-10 14:35:09,2024-01-18 14:15:22,397,3,False,,False,True,[],cp0x,4,"[{'extras': None, 'description': 'Original Poster', 'user_id': 14443, 'primary_group_id': None, 'flair_group_id': None}, {'extras': None, 'description': 'Frequent Poster', 'user_id': 14514, 'primary_group_id': None, 'flair_group_id': None}, {'extras': None, 'description': 'Frequent Poster', 'user_id': 12871, 'primary_group_id': None, 'flair_group_id': None}, {'extras': 'latest', 'description': 'Most Recent Poster', 'user_id': 14229, 'primary_group_id': None, 'flair_group_id': None}]",14443
20662,Arbitrum Treasury and Sustainability Research: Risk Reduction in DAO Treasuries,Arbitrum Treasury and Sustainability Research: Risk Reduction in DAO Treasuries,arbitrum-treasury-and-sustainability-research-risk-reduction-in-dao-treasuries,2,0,2,,2024-01-16 07:57:58,2024-01-18 10:01:54,474,10,False,,False,True,[],thedevanshmehta,4,"[{'extras': None, 'description': 'Original Poster', 'user_id': 14515, 'primary_group_id': None, 'flair_group_id': None}, {'extras': 'latest', 'description': 'Most Recent Poster', 'user_id': 11600, 'primary_group_id': None, 'flair_group_id': None}]",14515
20571,Radiant DAO: Rethinking $ARB Allocation for Sustainable Growth and Community Appreciation,Radiant DAO: Rethinking $ARB Allocation for Sustainable Growth and Community Appreciation,radiant-dao-rethinking-arb-allocation-for-sustainable-growth-and-community-appreciation,1,0,1,https://global.discourse-cdn.com/standard17/uploads/arbitrum1/optimized/2X/8/8c2dbfdf83ff2d41c367abd928ae5c1c939aac70_2_1024x597.png,2024-01-12 14:00:37,2024-01-12 14:00:37,263,0,False,,False,True,['delegation'],animal,4,"[{'extras': 'latest single', 'description': 'Original Poster, Most Recent Poster', 'user_id': 7879, 'primary_group_id': None, 'flair_group_id': None}]",7879
20056,Arbitrum DAO Day!,Arbitrum DAO Day!,arbitrum-dao-day,2,0,2,https://global.discourse-cdn.com/standard17/uploads/arbitrum1/optimized/2X/3/3015a8c599caa4d92910eb1c6a2ae4aa0d243ac1_2_1024x574.jpeg,2023-12-14 03:05:24,2024-01-12 02:42:25,500,10,False,,False,True,[],Cristinavlous,4,"[{'extras': None, 'description': 'Original Poster', 'user_id': 7, 'primary_group_id': None, 'flair_group_id': None}, {'extras': 'latest', 'description': 'Most Recent Poster', 'user_id': 14465, 'primary_group_id': None, 'flair_group_id': None}]",7
20230,Arbitrum Treasury Perspective by Centrifuge,Arbitrum Treasury Perspective by Centrifuge,arbitrum-treasury-perspective-by-centrifuge,2,0,2,,2023-12-22 15:24:57,2024-01-04 16:30:23,951,7,False,,False,True,[],thedevanshmehta,4,"[{'extras': None, 'description': 'Original Poster', 'user_id': 14045, 'primary_group_id': None, 'flair_group_id': None}, {'extras': 'latest', 'description': 'Most Recent Poster', 'user_id': 11600, 'primary_group_id': None, 'flair_group_id': None}]",14045
20298,Bringing Native Assets to Arbitrum,Bringing Native Assets to Arbitrum,bringing-native-assets-to-arbitrum,5,2,5,,2023-12-28 20:28:23,2024-01-04 03:38:46,501,10,False,,False,True,[],DisruptionJoe,4,"[{'extras': 'latest', 'description': 'Original Poster, Most Recent Poster', 'user_id': 7308, 'primary_group_id': None, 'flair_group_id': None}, {'extras': None, 'description': 'Frequent Poster', 'user_id': 12048, 'primary_group_id': None, 'flair_group_id': None}, {'extras': None, 'description': 'Frequent Poster', 'user_id': 14294, 'primary_group_id': None, 'flair_group_id': None}]",7308
20405,The Race Begins,The Race Begins,the-race-begins,4,2,4,,2024-01-03 16:54:52,2024-01-03 21:38:21,450,7,False,,False,True,[],cp0x,4,"[{'extras': None, 'description': 'Original Poster', 'user_id': 10663, 'primary_group_id': None, 'flair_group_id': None}, {'extras': 'latest', 'description': 'Most Recent Poster', 'user_id': 14229, 'primary_group_id': None, 'flair_group_id': None}]",10663
20302,Smart contract help needed,Smart contract help needed,smart-contract-help-needed,2,0,3,,2023-12-29 11:24:51,2024-01-03 08:09:26,392,3,False,,False,True,[],CLK54,4,"[{'extras': 'latest single', 'description': 'Original Poster, Most Recent Poster', 'user_id': 14357, 'primary_group_id': None, 'flair_group_id': None}]",14357
20261,"I deposited money but it was not transferred to my account, I want my money back","I deposited money but it was not transferred to my account, I want my money back",i-deposited-money-but-it-was-not-transferred-to-my-account-i-want-my-money-back,1,1,1,https://global.discourse-cdn.com/standard17/uploads/arbitrum1/optimized/2X/b/bd351afa1b417945e215e6229c4ce4b35b71a855_2_460x1024.jpeg,2023-12-26 04:32:55,2023-12-26 04:32:55,419,2,False,,False,True,[],Sonolsonumolma,4,"[{'extras': 'latest single', 'description': 'Original Poster, Most Recent Poster', 'user_id': 14336, 'primary_group_id': None, 'flair_group_id': None}]",14336
15062,"Funds taken from my trust wallet,i wo I ld like my funds to be returned","Funds taken from my trust wallet,i wo I ld like my funds to be returned",funds-taken-from-my-trust-wallet-i-wo-i-ld-like-my-funds-to-be-returned,2,0,4,,2023-06-26 04:00:30,2024-01-03 01:49:01,831,9,False,,False,True,[],peter,4,"[{'extras': None, 'description': 'Original Poster', 'user_id': 11591, 'primary_group_id': None, 'flair_group_id': None}, {'extras': 'latest', 'description': 'Most Recent Poster', 'user_id': 10290, 'primary_group_id': None, 'flair_group_id': None}]",11591
17528,Stake arb platforms,Stake arb platforms,stake-arb-platforms,1,0,1,,2023-09-28 02:20:50,2023-09-28 02:20:50,258,2,False,,False,True,"['governance', 'delegation']",androssi,4,"[{'extras': 'latest single', 'description': 'Original Poster, Most Recent Poster', 'user_id': 13130, 'primary_group_id': None, 'flair_group_id': None}]",13130
20334,I think I maybe messed up,I think I maybe messed up,i-think-i-maybe-messed-up,3,2,3,,2023-12-31 14:08:11,2023-12-31 19:06:46,430,8,False,,False,True,[],janaa,4,"[{'extras': 'latest', 'description': 'Original Poster, Most Recent Poster', 'user_id': 14370, 'primary_group_id': None, 'flair_group_id': None}, {'extras': None, 'description': 'Frequent Poster', 'user_id': 11824, 'primary_group_id': None, 'flair_group_id': None}]",14370
20248,Empowering Innovation: Dspyt - CodeVerse Unveils Exclusive Marketing Campaign for Arbitrum Ecosystem Projects,Empowering Innovation: Dspyt - CodeVerse Unveils Exclusive Marketing Campaign for Arbitrum Ecosystem Projects,empowering-innovation-dspyt-codeverse-unveils-exclusive-marketing-campaign-for-arbitrum-ecosystem-projects,2,0,2,https://global.discourse-cdn.com/standard17/uploads/arbitrum1/optimized/2X/0/03e92a7999998bba4e0ee46d4d0f1296f5ee4454_2_1024x511.jpeg,2023-12-24 18:33:10,2023-12-31 23:11:02,470,11,False,,False,True,[],pfedprog,4,"[{'extras': None, 'description': 'Original Poster', 'user_id': 14334, 'primary_group_id': None, 'flair_group_id': None}, {'extras': 'latest', 'description': 'Most Recent Poster', 'user_id': 14371, 'primary_group_id': None, 'flair_group_id': None}]",14334
20207,Questions about Plurality Labs Milestone 2,Questions about Plurality Labs Milestone 2,questions-about-plurality-labs-milestone-2,6,4,6,https://global.discourse-cdn.com/standard17/uploads/arbitrum1/optimized/2X/7/7ebaea90ddeca7ee8f6636095365820af657b699_2_1024x648.jpeg,2023-12-20 18:02:50,2023-12-21 19:18:31,764,28,False,,False,True,[],thedevanshmehta,4,"[{'extras': None, 'description': 'Original Poster', 'user_id': 7308, 'primary_group_id': None, 'flair_group_id': None}, {'extras': 'latest', 'description': 'Most Recent Poster', 'user_id': 11600, 'primary_group_id': None, 'flair_group_id': None}]",7308
20037,DAO Participation,DAO Participation,dao-participation,1,0,1,,2023-12-12 20:43:22,2023-12-12 20:43:22,387,2,False,,False,True,[],naugustin,4,"[{'extras': 'latest single', 'description': 'Original Poster, Most Recent Poster', 'user_id': 14253, 'primary_group_id': None, 'flair_group_id': None}]",14253
14637,Arbitrum Questions lost funds,Arbitrum Questions lost funds,arbitrum-questions-lost-funds,16,8,16,https://global.discourse-cdn.com/standard17/uploads/arbitrum1/optimized/2X/b/bad6dfd86bad6e27522da839d406748a78b9b72a_2_1024x121.png,2023-05-23 17:44:49,2023-12-08 01:15:33,1970,84,False,,False,True,[],Cfhgoregrinder,4,"[{'extras': None, 'description': 'Original Poster', 'user_id': 7879, 'primary_group_id': None, 'flair_group_id': None}, {'extras': None, 'description': 'Frequent Poster', 'user_id': 11561, 'primary_group_id': None, 'flair_group_id': None}, {'extras': None, 'description': 'Frequent Poster', 'user_id': 9425, 'primary_group_id': None, 'flair_group_id': None}, {'extras': None, 'description': 'Frequent Poster', 'user_id': 12124, 'primary_group_id': None, 'flair_group_id': None}, {'extras': 'latest', 'description': 'Most Recent Poster', 'user_id': 10968, 'primary_group_id': None, 'flair_group_id': None}]",7879
19799,ARB tokens have disappeared somewhere,ARB tokens have disappeared somewhere,arb-tokens-have-disappeared-somewhere,3,0,3,https://global.discourse-cdn.com/standard17/uploads/arbitrum1/optimized/2X/5/5a0fc3e7bc0bbdc73314ab2fa255ec4528437ddf_2_1024x378.jpeg,2023-11-29 09:36:53,2023-12-06 19:22:44,661,1,False,,False,True,[],Pesto,4,"[{'extras': None, 'description': 'Original Poster', 'user_id': 14155, 'primary_group_id': None, 'flair_group_id': None}, {'extras': None, 'description': 'Frequent Poster', 'user_id': 11404, 'primary_group_id': None, 'flair_group_id': None}, {'extras': 'latest', 'description': 'Most Recent Poster', 'user_id': 14198, 'primary_group_id': None, 'flair_group_id': None}]",14155
19651,Keeping up to date with Arbitrum,Keeping up to date with Arbitrum,keeping-up-to-date-with-arbitrum,1,0,1,,2023-11-20 14:58:09,2023-11-20 14:58:09,522,6,False,,False,True,[],daveytea,4,"[{'extras': 'latest single', 'description': 'Original Poster, Most Recent Poster', 'user_id': 13985, 'primary_group_id': None, 'flair_group_id': None}]",13985
19641,Clarification on ~1.275B Circulating Supply Number (Onchain Shows Far More Circulating Supply),Clarification on ~1.275B Circulating Supply Number (Onchain Shows Far More Circulating Supply),clarification-on-1-275b-circulating-supply-number-onchain-shows-far-more-circulating-supply,1,0,1,,2023-11-19 03:34:37,2023-11-19 03:34:37,511,1,False,,False,True,[],Rus_Anajo,4,"[{'extras': 'latest single', 'description': 'Original Poster, Most Recent Poster', 'user_id': 14069, 'primary_group_id': None, 'flair_group_id': None}]",14069
19594,Tenderize v2 Testnet is live: Liquid stake your GRT and LPT,Tenderize v2 Testnet is live: Liquid stake your GRT and LPT,tenderize-v2-testnet-is-live-liquid-stake-your-grt-and-lpt,1,0,1,,2023-11-16 18:00:54,2023-11-16 18:00:54,475,0,False,,False,True,[],ChefAlec,4,"[{'extras': 'latest single', 'description': 'Original Poster, Most Recent Poster', 'user_id': 12265, 'primary_group_id': None, 'flair_group_id': None}]",12265
19579,Introducing Hunt NFT: A Revolutionary Cross-chain NFT Raffle Marketplace,Introducing Hunt NFT: A Revolutionary Cross-chain NFT Raffle Marketplace,introducing-hunt-nft-a-revolutionary-cross-chain-nft-raffle-marketplace,1,0,1,https://global.discourse-cdn.com/standard17/uploads/arbitrum1/optimized/2X/d/d4f0e4e634af82439081a4afcbf1f930d6e0ab4d_2_1024x569.jpeg,2023-11-16 07:06:11,2023-11-16 07:06:11,488,1,False,,False,True,[],hunt_nft,4,"[{'extras': 'latest single', 'description': 'Original Poster, Most Recent Poster', 'user_id': 14037, 'primary_group_id': None, 'flair_group_id': None}]",14037
19573,Proposal : Switch gas from eth to arb,Proposal : Switch gas from eth to arb,proposal-switch-gas-from-eth-to-arb,1,0,1,,2023-11-15 23:12:29,2023-11-15 23:12:29,564,0,False,,False,True,[],Boban,4,"[{'extras': 'latest single', 'description': 'Original Poster, Most Recent Poster', 'user_id': 14044, 'primary_group_id': None, 'flair_group_id': None}]",14044
19462,Multi-chain Brigde,Multi-chain Brigde,multi-chain-brigde,2,0,2,,2023-11-09 20:17:56,2023-11-15 11:17:44,541,0,False,,False,True,[],Ilia_S,4,"[{'extras': None, 'description': 'Original Poster', 'user_id': 13999, 'primary_group_id': None, 'flair_group_id': None}, {'extras': 'latest', 'description': 'Most Recent Poster', 'user_id': 13605, 'primary_group_id': None, 'flair_group_id': None}]",13999
19504,What is a creative director in art?,What is a creative director in art?,what-is-a-creative-director-in-art,1,0,1,https://global.discourse-cdn.com/standard17/uploads/arbitrum1/original/2X/d/d0d2bc8a1eb34b5ef12dc33d2ea1cd182db816c7.jpeg,2023-11-13 09:39:16,2023-11-13 09:39:16,512,2,False,,False,True,['proposal'],Classy12,4,"[{'extras': 'latest single', 'description': 'Original Poster, Most Recent Poster', 'user_id': 14016, 'primary_group_id': None, 'flair_group_id': None}]",14016
19306,Arbitrum DAO Sessions at Devconnect,Arbitrum DAO Sessions at Devconnect,arbitrum-dao-sessions-at-devconnect,8,1,10,https://global.discourse-cdn.com/standard17/uploads/arbitrum1/optimized/2X/a/ab06cd7c6f3533993cedee6d59cd429269422999_2_1024x536.png,2023-11-02 22:35:21,2023-11-08 17:36:19,1367,23,False,,False,True,[],Janabe,4,"[{'extras': None, 'description': 'Original Poster', 'user_id': 10318, 'primary_group_id': None, 'flair_group_id': None}, {'extras': None, 'description': 'Frequent Poster', 'user_id': 11051, 'primary_group_id': None, 'flair_group_id': None}, {'extras': None, 'description': 'Frequent Poster', 'user_id': 13355, 'primary_group_id': None, 'flair_group_id': None}, {'extras': None, 'description': 'Frequent Poster', 'user_id': 12317, 'primary_group_id': None, 'flair_group_id': None}, {'extras': 'latest', 'description': 'Most Recent Poster', 'user_id': 11785, 'primary_group_id': None, 'flair_group_id': None}]",10318
12560,Arbitrum Initiative Community Indonesia Update,Arbitrum Initiative Community Indonesia Update,arbitrum-initiative-community-indonesia-update,6,0,7,https://global.discourse-cdn.com/standard17/uploads/arbitrum1/optimized/2X/f/f938ad2c488818b5d2063f5bd053405904c1a54d_2_576x1024.jpeg,2023-03-30 06:53:51,2023-11-07 09:59:59,1665,23,False,,False,True,[],Xamble,4,"[{'extras': None, 'description': 'Original Poster', 'user_id': 3152, 'primary_group_id': None, 'flair_group_id': None}, {'extras': None, 'description': 'Frequent Poster', 'user_id': 9873, 'primary_group_id': None, 'flair_group_id': None}, {'extras': None, 'description': 'Frequent Poster', 'user_id': 10702, 'primary_group_id': None, 'flair_group_id': None}, {'extras': None, 'description': 'Frequent Poster', 'user_id': 12375, 'primary_group_id': None, 'flair_group_id': None}, {'extras': 'latest', 'description': 'Most Recent Poster', 'user_id': 13977, 'primary_group_id': None, 'flair_group_id': None}]",3152
19253,Arbitrum Odyssey weekly campaign,Arbitrum Odyssey weekly campaign,arbitrum-odyssey-weekly-campaign,2,0,2,,2023-10-30 21:18:49,2023-11-05 07:01:17,634,1,False,,False,True,[],mhiztasolid,4,"[{'extras': None, 'description': 'Original Poster', 'user_id': 13363, 'primary_group_id': None, 'flair_group_id': None}, {'extras': 'latest', 'description': 'Most Recent Poster', 'user_id': 1761, 'primary_group_id': None, 'flair_group_id': None}]",13363
19130,"ThankARB: A Strategy, Framework, & Platform for Arbitrum‚Äôs Success","ThankARB: A Strategy, Framework, &amp; Platform for Arbitrum‚Äôs Success",thankarb-a-strategy-framework-platform-for-arbitrum-s-success,1,0,1,https://global.discourse-cdn.com/standard17/uploads/arbitrum1/optimized/2X/b/ba4131b91dbd03fe6b1a968528f764e9afe3aea0_2_723x1024.jpeg,2023-10-24 18:00:09,2023-10-24 18:00:09,1952,11,False,,False,True,[],DisruptionJoe,4,"[{'extras': 'latest single', 'description': 'Original Poster, Most Recent Poster', 'user_id': 7308, 'primary_group_id': None, 'flair_group_id': None}]",7308
19242,Better Alerts On Votes Beginning,Better Alerts On Votes Beginning,better-alerts-on-votes-beginning,3,1,3,,2023-10-30 11:06:29,2023-10-30 14:15:47,652,9,False,,False,True,['governance'],GFXlabs,4,"[{'extras': 'latest', 'description': 'Original Poster, Most Recent Poster', 'user_id': 2455, 'primary_group_id': None, 'flair_group_id': None}, {'extras': None, 'description': 'Frequent Poster', 'user_id': 10318, 'primary_group_id': None, 'flair_group_id': None}]",2455
12835,"Views on Opinions to create a sustainable, growing and healthy ARB","Views on Opinions to create a sustainable, growing and healthy ARB",views-on-opinions-to-create-a-sustainable-growing-and-healthy-arb,3,0,3,,2023-04-02 01:55:58,2023-10-20 14:52:30,1550,6,False,,False,True,[],MrGrim6807,4,"[{'extras': None, 'description': 'Original Poster', 'user_id': 10511, 'primary_group_id': None, 'flair_group_id': None}, {'extras': None, 'description': 'Frequent Poster', 'user_id': 11200, 'primary_group_id': None, 'flair_group_id': None}, {'extras': 'latest', 'description': 'Most Recent Poster', 'user_id': 13800, 'primary_group_id': None, 'flair_group_id': None}]",10511
19056,USDC.e and USDC,USDC.e and USDC,usdc-e-and-usdc,1,0,1,,2023-10-19 20:52:12,2023-10-19 20:52:12,616,1,False,,False,True,[],PatrickAlphaC,4,"[{'extras': 'latest single', 'description': 'Original Poster, Most Recent Poster', 'user_id': 12584, 'primary_group_id': None, 'flair_group_id': None}]",12584
18985,üôã‚Äç‚ôÇÔ∏è Request for feedback: EXMO x ARB Ecosystem,:raising_hand_man: Request for feedback: EXMO x ARB Ecosystem,request-for-feedback-exmo-x-arb-ecosystem,1,0,1,,2023-10-17 09:22:57,2023-10-17 09:22:57,600,3,False,,False,True,[],mikeblank,4,"[{'extras': 'latest single', 'description': 'Original Poster, Most Recent Poster', 'user_id': 13529, 'primary_group_id': None, 'flair_group_id': None}]",13529
14716,Request for Marketing Support for KeplerHomes on Arbitrum One,Request for Marketing Support for KeplerHomes on Arbitrum One,request-for-marketing-support-for-keplerhomes-on-arbitrum-one,1,0,1,,2023-06-01 14:24:45,2023-06-01 14:24:45,975,4,False,,False,True,['proposal'],Jasper,4,"[{'extras': 'latest single', 'description': 'Original Poster, Most Recent Poster', 'user_id': 11584, 'primary_group_id': None, 'flair_group_id': None}]",11584
18521,[Non-Constitutional] Empowering Early Contributors: The Arbiter(community) Proposal,[Non-Constitutional] Empowering Early Contributors: The Arbiter(community) Proposal,non-constitutional-empowering-early-contributors-the-arbiter-community-proposal,25,5,26,,2023-10-10 01:44:20,2023-10-14 13:20:50,935,39,False,,False,True,[],container,4,"[{'extras': None, 'description': 'Original Poster', 'user_id': 7911, 'primary_group_id': None, 'flair_group_id': None}, {'extras': None, 'description': 'Frequent Poster', 'user_id': 13602, 'primary_group_id': None, 'flair_group_id': None}, {'extras': None, 'description': 'Frequent Poster', 'user_id': 1761, 'primary_group_id': None, 'flair_group_id': None}, {'extras': None, 'description': 'Frequent Poster', 'user_id': 13446, 'primary_group_id': None, 'flair_group_id': None}, {'extras': 'latest', 'description': 'Most Recent Poster', 'user_id': 13734, 'primary_group_id': None, 'flair_group_id': None}]",7911
18681,Why I can't vote?,Why I can&rsquo;t vote?,why-i-cant-vote,6,3,6,,2023-10-11 07:55:44,2023-10-13 09:46:06,669,5,False,,False,True,[],stonecoldpat,4,"[{'extras': None, 'description': 'Original Poster', 'user_id': 13646, 'primary_group_id': None, 'flair_group_id': None}, {'extras': None, 'description': 'Frequent Poster', 'user_id': 11824, 'primary_group_id': None, 'flair_group_id': None}, {'extras': 'latest', 'description': 'Most Recent Poster', 'user_id': 10318, 'primary_group_id': None, 'flair_group_id': None}]",13646
18614,Gauntlet USDC.e Migration Risk Dashboard,Gauntlet USDC.e Migration Risk Dashboard,gauntlet-usdc-e-migration-risk-dashboard,1,0,1,https://global.discourse-cdn.com/standard17/uploads/arbitrum1/optimized/2X/3/3f920339a8ee0c69bbc2bd127c439c028e85bd56_2_1024x765.png,2023-10-10 18:44:02,2023-10-10 18:44:02,640,3,False,,False,True,[],gauntlet,4,"[{'extras': 'latest single', 'description': 'Original Poster, Most Recent Poster', 'user_id': 4343, 'primary_group_id': None, 'flair_group_id': None}]",4343
13152,ARB Ecosystem - Spotlight and Highlights,ARB Ecosystem - Spotlight and Highlights,arb-ecosystem-spotlight-and-highlights,4,0,4,,2023-04-03 05:46:52,2023-10-10 14:34:39,1646,9,False,,False,True,[],kingsmanx,4,"[{'extras': None, 'description': 'Original Poster', 'user_id': 10709, 'primary_group_id': None, 'flair_group_id': None}, {'extras': None, 'description': 'Frequent Poster', 'user_id': 10764, 'primary_group_id': None, 'flair_group_id': None}, {'extras': None, 'description': 'Frequent Poster', 'user_id': 4045, 'primary_group_id': None, 'flair_group_id': None}, {'extras': 'latest', 'description': 'Most Recent Poster', 'user_id': 13626, 'primary_group_id': None, 'flair_group_id': None}]",10709
14263,Funny Project - Exploring Nature?,Funny Project - Exploring Nature?,funny-project-exploring-nature,11,0,11,https://global.discourse-cdn.com/standard17/uploads/arbitrum1/optimized/2X/5/5897c7a6cc876c65d4a49d3d3a5988589b646723_2_1024x641.jpeg,2023-05-02 09:32:31,2023-05-02 22:25:35,944,36,False,,False,True,[],Erling,4,"[{'extras': None, 'description': 'Original Poster', 'user_id': 11028, 'primary_group_id': None, 'flair_group_id': None}, {'extras': None, 'description': 'Frequent Poster', 'user_id': 11378, 'primary_group_id': None, 'flair_group_id': None}, {'extras': None, 'description': 'Frequent Poster', 'user_id': 11379, 'primary_group_id': None, 'flair_group_id': None}, {'extras': None, 'description': 'Frequent Poster', 'user_id': 11380, 'primary_group_id': None, 'flair_group_id': None}, {'extras': 'latest', 'description': 'Most Recent Poster', 'user_id': 11382, 'primary_group_id': None, 'flair_group_id': None}]",11028
15746,Implementation of CAPTCHA and Rate-Limiting on the Forum to Detest Spammers,Implementation of CAPTCHA and Rate-Limiting on the Forum to Detest Spammers,implementation-of-captcha-and-rate-limiting-on-the-forum-to-detest-spammers,3,0,3,,2023-08-05 09:53:45,2023-10-10 00:46:55,457,8,False,,False,True,[],mark,4,"[{'extras': None, 'description': 'Original Poster', 'user_id': 11404, 'primary_group_id': None, 'flair_group_id': None}, {'extras': None, 'description': 'Frequent Poster', 'user_id': 1123, 'primary_group_id': None, 'flair_group_id': None}, {'extras': 'latest', 'description': 'Most Recent Poster', 'user_id': 10122, 'primary_group_id': None, 'flair_group_id': None}]",11404
18502,Idea and Feedback about Social@KeplerHomes module,Idea and Feedback about Social@KeplerHomes module,idea-and-feedback-about-social-keplerhomes-module,1,0,1,,2023-10-09 14:49:05,2023-10-09 14:49:05,177,2,False,,False,True,[],Jasper,4,"[{'extras': 'latest single', 'description': 'Original Poster, Most Recent Poster', 'user_id': 11584, 'primary_group_id': None, 'flair_group_id': None}]",11584
17990,Voting platform,Voting platform,voting-platform,4,0,4,,2023-10-02 06:27:03,2023-10-05 20:28:32,349,6,False,,False,True,[],mhiztasolid,4,"[{'extras': None, 'description': 'Original Poster', 'user_id': 256, 'primary_group_id': None, 'flair_group_id': None}, {'extras': None, 'description': 'Frequent Poster', 'user_id': 13346, 'primary_group_id': None, 'flair_group_id': None}, {'extras': None, 'description': 'Frequent Poster', 'user_id': 13279, 'primary_group_id': None, 'flair_group_id': None}, {'extras': 'latest', 'description': 'Most Recent Poster', 'user_id': 1761, 'primary_group_id': None, 'flair_group_id': None}]",256
13694,My NFT Wars: Evaluating Arbitrum for Our Innovative PlayFi RPG Game,My NFT Wars: Evaluating Arbitrum for Our Innovative PlayFi RPG Game,my-nft-wars-evaluating-arbitrum-for-our-innovative-playfi-rpg-game,26,1,27,https://global.discourse-cdn.com/standard17/uploads/arbitrum1/optimized/2X/7/72540a6ca4b9b049feeaed8249ff501c60304a3b_2_1024x570.jpeg,2023-04-10 09:40:07,2023-10-04 06:00:11,1665,155,False,,False,True,[],Varulven,4,"[{'extras': None, 'description': 'Original Poster', 'user_id': 11028, 'primary_group_id': None, 'flair_group_id': None}, {'extras': None, 'description': 'Frequent Poster', 'user_id': 11305, 'primary_group_id': None, 'flair_group_id': None}, {'extras': None, 'description': 'Frequent Poster', 'user_id': 11306, 'primary_group_id': None, 'flair_group_id': None}, {'extras': None, 'description': 'Frequent Poster', 'user_id': 11463, 'primary_group_id': None, 'flair_group_id': None}, {'extras': 'latest', 'description': 'Most Recent Poster', 'user_id': 13347, 'primary_group_id': None, 'flair_group_id': None}]",11028
16595,(Oct ‚Äò23 Beta) Play-to-govern DAO for Arbitrum,(Oct ‚Äò23 Beta) Play-to-govern DAO for Arbitrum,oct-23-beta-play-to-govern-dao-for-arbitrum,11,6,11,https://global.discourse-cdn.com/standard17/uploads/arbitrum1/optimized/2X/3/324be66f0734a296fcdb3913d1db2b48fbbc3fae_2_1024x663.png,2023-09-20 18:15:07,2023-10-02 20:29:50,637,39,False,,False,True,[],rhizo_michael,4,"[{'extras': None, 'description': 'Original Poster', 'user_id': 12659, 'primary_group_id': None, 'flair_group_id': None}, {'extras': None, 'description': 'Frequent Poster', 'user_id': 12302, 'primary_group_id': None, 'flair_group_id': None}, {'extras': None, 'description': 'Frequent Poster', 'user_id': 2073, 'primary_group_id': None, 'flair_group_id': None}, {'extras': None, 'description': 'Frequent Poster', 'user_id': 10031, 'primary_group_id': None, 'flair_group_id': None}, {'extras': 'latest', 'description': 'Most Recent Poster', 'user_id': 12613, 'primary_group_id': None, 'flair_group_id': None}]",12659
16331,Automated workflow for your Dao,Automated workflow for your Dao,automated-workflow-for-your-dao,3,0,3,,2023-09-13 02:56:04,2023-10-02 09:49:05,274,2,False,,False,True,[],como,4,"[{'extras': 'latest single', 'description': 'Original Poster, Most Recent Poster', 'user_id': 12502, 'primary_group_id': None, 'flair_group_id': None}]",12502
11764,ARB staking for running a validator + value accrual through sequencer fees,ARB staking for running a validator + value accrual through sequencer fees,arb-staking-for-running-a-validator-value-accrual-through-sequencer-fees,13,8,13,,2023-03-25 00:17:26,2023-10-01 18:03:19,3050,42,False,,False,True,[],Ayep,4,"[{'extras': None, 'description': 'Original Poster', 'user_id': 2012, 'primary_group_id': None, 'flair_group_id': None}, {'extras': None, 'description': 'Frequent Poster', 'user_id': 7858, 'primary_group_id': None, 'flair_group_id': None}, {'extras': None, 'description': 'Frequent Poster', 'user_id': 3828, 'primary_group_id': None, 'flair_group_id': None}, {'extras': None, 'description': 'Frequent Poster', 'user_id': 10279, 'primary_group_id': None, 'flair_group_id': None}, {'extras': 'latest', 'description': 'Most Recent Poster', 'user_id': 13335, 'primary_group_id': None, 'flair_group_id': None}]",2012
13249,What happened in ARB ecosystem,What happened in ARB ecosystem,what-happened-in-arb-ecosystem,3,0,3,,2023-04-04 09:19:29,2023-10-01 18:02:23,1327,5,False,,False,True,[],Ayep,4,"[{'extras': None, 'description': 'Original Poster', 'user_id': 10764, 'primary_group_id': None, 'flair_group_id': None}, {'extras': None, 'description': 'Frequent Poster', 'user_id': 4045, 'primary_group_id': None, 'flair_group_id': None}, {'extras': 'latest', 'description': 'Most Recent Poster', 'user_id': 13335, 'primary_group_id': None, 'flair_group_id': None}]",10764
15895,Exciting News from Plurality Labs,Exciting News from Plurality Labs,exciting-news-from-plurality-labs,7,0,7,,2023-08-16 12:24:44,2023-10-01 15:03:13,1064,50,False,,False,True,[],Spaceworkcrypto,4,"[{'extras': None, 'description': 'Original Poster', 'user_id': 7308, 'primary_group_id': None, 'flair_group_id': None}, {'extras': None, 'description': 'Frequent Poster', 'user_id': 7277, 'primary_group_id': None, 'flair_group_id': None}, {'extras': None, 'description': 'Frequent Poster', 'user_id': 12270, 'primary_group_id': None, 'flair_group_id': None}, {'extras': None, 'description': 'Frequent Poster', 'user_id': 11201, 'primary_group_id': None, 'flair_group_id': None}, {'extras': 'latest', 'description': 'Most Recent Poster', 'user_id': 13329, 'primary_group_id': None, 'flair_group_id': None}]",7308
16551,Arbitrum Oddyssey Season -2,Arbitrum Oddyssey Season -2,arbitrum-oddyssey-season-2,7,1,7,https://global.discourse-cdn.com/standard17/uploads/arbitrum1/original/2X/4/48889b43586b5eeaa8c59b294727ea746d679e30.jpeg,2023-09-20 07:41:32,2023-09-28 07:37:45,517,3,False,,False,True,['governance'],BRA,4,"[{'extras': None, 'description': 'Original Poster', 'user_id': 12648, 'primary_group_id': None, 'flair_group_id': None}, {'extras': None, 'description': 'Frequent Poster', 'user_id': 12739, 'primary_group_id': None, 'flair_group_id': None}, {'extras': 'latest', 'description': 'Most Recent Poster', 'user_id': 13153, 'primary_group_id': None, 'flair_group_id': None}]",12648
15597,SEED Latam - General Communication Thread,SEED Latam - General Communication Thread,seed-latam-general-communication-thread,5,1,5,https://global.discourse-cdn.com/standard17/uploads/arbitrum1/optimized/2X/6/6324e7e1ad9e50f16e9343afd80b76a122ebeddc_2_1024x575.jpeg,2023-07-26 17:15:03,2023-09-22 22:51:30,839,57,False,,False,True,[],seedlatam,4,"[{'extras': 'latest', 'description': 'Original Poster, Most Recent Poster', 'user_id': 11419, 'primary_group_id': None, 'flair_group_id': None}, {'extras': None, 'description': 'Frequent Poster', 'user_id': 1761, 'primary_group_id': None, 'flair_group_id': None}]",11419
16786,[Help Requested] How do I fix this proposal?,[Help Requested] How do I fix this proposal?,help-requested-how-do-i-fix-this-proposal,1,0,1,,2023-09-22 18:03:17,2023-09-22 18:03:17,223,1,False,,False,True,[],Penia,4,"[{'extras': 'latest single', 'description': 'Original Poster, Most Recent Poster', 'user_id': 12681, 'primary_group_id': None, 'flair_group_id': None}]",12681
16348,Help Award the Arbitrum #GovMonth JokeRace Contests,Help Award the Arbitrum #GovMonth JokeRace Contests,help-award-the-arbitrum-govmonth-jokerace-contests,2,1,2,https://global.discourse-cdn.com/standard17/uploads/arbitrum1/original/2X/9/91a45c092a3325f5be9c611fc9c9adf207869f4c.png,2023-09-13 14:52:36,2023-09-18 20:23:24,357,6,False,,False,True,[],prose11,4,"[{'extras': 'latest single', 'description': 'Original Poster, Most Recent Poster', 'user_id': 11797, 'primary_group_id': None, 'flair_group_id': None}]",11797
11556,Ways to keep an active community to create a trully decentralized space,Ways to keep an active community to create a trully decentralized space,ways-to-keep-an-active-community-to-create-a-trully-decentralized-space,15,3,16,,2023-03-24 15:41:23,2023-09-20 07:48:00,1611,129,False,,False,True,[],sahijeevan,4,"[{'extras': None, 'description': 'Original Poster', 'user_id': 9339, 'primary_group_id': None, 'flair_group_id': None}, {'extras': None, 'description': 'Frequent Poster', 'user_id': 5218, 'primary_group_id': None, 'flair_group_id': None}, {'extras': None, 'description': 'Frequent Poster', 'user_id': 9799, 'primary_group_id': None, 'flair_group_id': None}, {'extras': None, 'description': 'Frequent Poster', 'user_id': 9286, 'primary_group_id': None, 'flair_group_id': None}, {'extras': 'latest', 'description': 'Most Recent Poster', 'user_id': 12648, 'primary_group_id': None, 'flair_group_id': None}]",9339
16435,Counter-Argument Proposal: Revising tnorm's Arbitrum Incentive Program for a More Inclusive DeFi Ecosystem,Counter-Argument Proposal: Revising tnorm&rsquo;s Arbitrum Incentive Program for a More Inclusive DeFi Ecosystem,counter-argument-proposal-revising-tnorms-arbitrum-incentive-program-for-a-more-inclusive-defi-ecosystem,1,0,1,,2023-09-16 05:50:43,2023-09-16 05:50:43,439,4,False,,False,True,"['proposal', 'governance', 'aip']",creedanew,4,"[{'extras': 'latest single', 'description': 'Original Poster, Most Recent Poster', 'user_id': 12521, 'primary_group_id': None, 'flair_group_id': None}]",12521
15986,Gauntlet's USDC.e Initial Migration Report,Gauntlet&rsquo;s USDC.e Initial Migration Report,gauntlets-usdc-e-initial-migration-report,5,2,5,https://global.discourse-cdn.com/standard17/uploads/arbitrum1/optimized/2X/2/2cb4d7c2354e7d527ba8c9ba9101cf957d9944d9_2_1024x510.jpeg,2023-08-23 18:10:36,2023-09-15 23:30:57,3560,37,False,,False,True,[],gauntlet,4,"[{'extras': 'latest', 'description': 'Original Poster, Most Recent Poster', 'user_id': 4343, 'primary_group_id': None, 'flair_group_id': None}, {'extras': None, 'description': 'Frequent Poster', 'user_id': 11934, 'primary_group_id': None, 'flair_group_id': None}]",4343
16293,Arbitrum GovMonth Week 2: Your Opinion Matters!,Arbitrum GovMonth Week 2: Your Opinion Matters!,arbitrum-govmonth-week-2-your-opinion-matters,3,0,3,https://global.discourse-cdn.com/standard17/uploads/arbitrum1/original/2X/4/4cc4c76ca8717537db0b62f9b63786e1c0d9dca9.png,2023-09-11 18:32:31,2023-09-15 16:56:06,580,11,False,,False,True,['governance'],shawn16400,4,"[{'extras': 'latest', 'description': 'Original Poster, Most Recent Poster', 'user_id': 11579, 'primary_group_id': None, 'flair_group_id': None}, {'extras': None, 'description': 'Frequent Poster', 'user_id': 40, 'primary_group_id': None, 'flair_group_id': None}]",11579
16294,Bi-weekly grants & governance workshop (09.12.2023),Bi-weekly grants &amp; governance workshop (09.12.2023),bi-weekly-grants-governance-workshop-09-12-2023,2,0,2,,2023-09-11 18:57:13,2023-09-13 10:01:17,265,3,False,,False,True,[],shawn16400,4,"[{'extras': 'latest single', 'description': 'Original Poster, Most Recent Poster', 'user_id': 11579, 'primary_group_id': None, 'flair_group_id': None}]",11579
16235,Gitcoin Grants Stack and Allo protocol now available on Arbitrum!,Gitcoin Grants Stack and Allo protocol now available on Arbitrum!,gitcoin-grants-stack-and-allo-protocol-now-available-on-arbitrum,2,0,2,,2023-09-08 17:12:53,2023-09-09 13:11:43,314,15,False,,False,True,['governance'],mhiztasolid,4,"[{'extras': None, 'description': 'Original Poster', 'user_id': 7308, 'primary_group_id': None, 'flair_group_id': None}, {'extras': 'latest', 'description': 'Most Recent Poster', 'user_id': 1761, 'primary_group_id': None, 'flair_group_id': None}]",7308
16167,Arbitrum GovMonth Week 1: Your Voice Matters!,Arbitrum GovMonth Week 1: Your Voice Matters!,arbitrum-govmonth-week-1-your-voice-matters,7,2,7,,2023-09-04 18:11:00,2023-09-08 18:38:34,796,43,False,,False,True,['governance'],shawn16400,4,"[{'extras': 'latest', 'description': 'Original Poster, Most Recent Poster', 'user_id': 11579, 'primary_group_id': None, 'flair_group_id': None}, {'extras': None, 'description': 'Frequent Poster', 'user_id': 4189, 'primary_group_id': None, 'flair_group_id': None}, {'extras': None, 'description': 'Frequent Poster', 'user_id': 11797, 'primary_group_id': None, 'flair_group_id': None}, {'extras': None, 'description': 'Frequent Poster', 'user_id': 12299, 'primary_group_id': None, 'flair_group_id': None}]",11579
16019,Introducing Arbitrum #GovMonth: September 04-29,Introducing Arbitrum #GovMonth: September 04-29,introducing-arbitrum-govmonth-september-04-29,13,3,13,https://global.discourse-cdn.com/standard17/uploads/arbitrum1/original/2X/c/cce183b80ee350c6e7dd0f328cfc5bb8822de31b.png,2023-08-25 16:51:25,2023-09-06 17:40:51,934,68,False,,False,True,"['governance', 'delegation']",letsfuckingGo,4,"[{'extras': None, 'description': 'Original Poster', 'user_id': 11579, 'primary_group_id': None, 'flair_group_id': None}, {'extras': None, 'description': 'Frequent Poster', 'user_id': 10952, 'primary_group_id': None, 'flair_group_id': None}, {'extras': None, 'description': 'Frequent Poster', 'user_id': 12266, 'primary_group_id': None, 'flair_group_id': None}, {'extras': None, 'description': 'Frequent Poster', 'user_id': 4189, 'primary_group_id': None, 'flair_group_id': None}, {'extras': 'latest', 'description': 'Most Recent Poster', 'user_id': 12427, 'primary_group_id': None, 'flair_group_id': None}]",11579
16023,Atoma Introduction,Atoma Introduction,atoma-introduction,1,0,1,,2023-08-25 22:26:54,2023-08-25 22:26:54,396,11,False,,False,True,[],Sebix,4,"[{'extras': 'latest single', 'description': 'Original Poster, Most Recent Poster', 'user_id': 11995, 'primary_group_id': None, 'flair_group_id': None}]",11995
15458,RFC - Grant Proposal for Blockchain Product Development Incubation,RFC - Grant Proposal for Blockchain Product Development Incubation,rfc-grant-proposal-for-blockchain-product-development-incubation,7,2,7,,2023-07-18 00:10:45,2023-08-24 14:22:05,877,43,False,,False,True,[],0xNSE,4,"[{'extras': None, 'description': 'Original Poster', 'user_id': 11404, 'primary_group_id': None, 'flair_group_id': None}, {'extras': None, 'description': 'Frequent Poster', 'user_id': 11415, 'primary_group_id': None, 'flair_group_id': None}, {'extras': None, 'description': 'Frequent Poster', 'user_id': 11791, 'primary_group_id': None, 'flair_group_id': None}, {'extras': None, 'description': 'Frequent Poster', 'user_id': 7988, 'primary_group_id': None, 'flair_group_id': None}, {'extras': 'latest', 'description': 'Most Recent Poster', 'user_id': 12274, 'primary_group_id': None, 'flair_group_id': None}]",11404
15771,Quit Shooting the DAO/Foundation in the foot,Quit Shooting the DAO/Foundation in the foot,quit-shooting-the-dao-foundation-in-the-foot,6,1,6,,2023-08-08 22:18:55,2023-08-09 16:32:08,1306,41,False,,False,True,['governance'],DisruptionJoe,4,"[{'extras': None, 'description': 'Original Poster', 'user_id': 11252, 'primary_group_id': None, 'flair_group_id': None}, {'extras': None, 'description': 'Frequent Poster', 'user_id': 1584, 'primary_group_id': None, 'flair_group_id': None}, {'extras': None, 'description': 'Frequent Poster', 'user_id': 4461, 'primary_group_id': None, 'flair_group_id': None}, {'extras': None, 'description': 'Frequent Poster', 'user_id': 12193, 'primary_group_id': None, 'flair_group_id': None}, {'extras': 'latest', 'description': 'Most Recent Poster', 'user_id': 7308, 'primary_group_id': None, 'flair_group_id': None}]",11252
15725,Tenderize V2 - Decentralized Liquid Staking!,Tenderize V2 - Decentralized Liquid Staking!,tenderize-v2-decentralized-liquid-staking,1,0,1,,2023-08-04 08:49:47,2023-08-04 08:49:47,457,6,False,,False,True,[],nigel_tenderize,4,"[{'extras': 'latest single', 'description': 'Original Poster, Most Recent Poster', 'user_id': 12157, 'primary_group_id': None, 'flair_group_id': None}]",12157
15403,Grants Frameworks vs Programs vs Allocation Methods,Grants Frameworks vs Programs vs Allocation Methods,grants-frameworks-vs-programs-vs-allocation-methods,6,0,6,https://global.discourse-cdn.com/standard17/uploads/arbitrum1/optimized/2X/2/2a3afa1b5631d7a3a34b21cc72c0804b551f8c51_2_1024x768.jpeg,2023-07-12 03:23:55,2023-08-03 11:34:46,1042,31,False,,False,True,['governance'],shawn16400,4,"[{'extras': None, 'description': 'Original Poster', 'user_id': 7308, 'primary_group_id': None, 'flair_group_id': None}, {'extras': None, 'description': 'Frequent Poster', 'user_id': 11201, 'primary_group_id': None, 'flair_group_id': None}, {'extras': None, 'description': 'Frequent Poster', 'user_id': 12048, 'primary_group_id': None, 'flair_group_id': None}, {'extras': None, 'description': 'Frequent Poster', 'user_id': 12113, 'primary_group_id': None, 'flair_group_id': None}, {'extras': 'latest', 'description': 'Most Recent Poster', 'user_id': 11579, 'primary_group_id': None, 'flair_group_id': None}]",7308
15605,Can someone help me with my arbitrum tokens that disappeared?,Can someone help me with my arbitrum tokens that disappeared?,can-someone-help-me-with-my-arbitrum-tokens-that-disappeared,4,1,4,,2023-07-27 08:32:59,2023-08-01 06:26:01,560,21,False,,False,True,[],Moemoney13,4,"[{'extras': 'latest', 'description': 'Original Poster, Most Recent Poster', 'user_id': 12111, 'primary_group_id': None, 'flair_group_id': None}, {'extras': None, 'description': 'Frequent Poster', 'user_id': 11824, 'primary_group_id': None, 'flair_group_id': None}, {'extras': None, 'description': 'Frequent Poster', 'user_id': 1761, 'primary_group_id': None, 'flair_group_id': None}]",12111
14760,Discord Server Ban,Discord Server Ban,discord-server-ban,7,2,7,,2023-06-05 21:57:05,2023-06-22 13:45:04,897,24,False,,False,True,[],ben2k,4,"[{'extras': 'latest', 'description': 'Original Poster, Most Recent Poster', 'user_id': 8253, 'primary_group_id': None, 'flair_group_id': None}, {'extras': None, 'description': 'Frequent Poster', 'user_id': 1761, 'primary_group_id': None, 'flair_group_id': None}, {'extras': None, 'description': 'Frequent Poster', 'user_id': 5, 'primary_group_id': None, 'flair_group_id': None}, {'extras': None, 'description': 'Frequent Poster', 'user_id': 10618, 'primary_group_id': None, 'flair_group_id': None}]",8253
14560,Grants Framework VOTING is live for the top 100 delegates!,Grants Framework VOTING is live for the top 100 delegates!,grants-framework-voting-is-live-for-the-top-100-delegates,10,5,10,https://global.discourse-cdn.com/standard17/uploads/arbitrum1/original/2X/f/f488053a2bf0a8ca71386cd98f3ba139e599b633.png,2023-05-16 14:13:18,2023-06-16 13:28:57,2033,63,False,,False,True,[],DisruptionJoe,4,"[{'extras': 'latest', 'description': 'Original Poster, Most Recent Poster', 'user_id': 7308, 'primary_group_id': None, 'flair_group_id': None}, {'extras': None, 'description': 'Frequent Poster', 'user_id': 11522, 'primary_group_id': None, 'flair_group_id': None}, {'extras': None, 'description': 'Frequent Poster', 'user_id': 5315, 'primary_group_id': None, 'flair_group_id': None}, {'extras': None, 'description': 'Frequent Poster', 'user_id': 11201, 'primary_group_id': None, 'flair_group_id': None}, {'extras': None, 'description': 'Frequent Poster', 'user_id': 11600, 'primary_group_id': None, 'flair_group_id': None}]",7308
14322,Gauntlet‚Äôs Risk Updates on Arbitrum,Gauntlet‚Äôs Risk Updates on Arbitrum,gauntlet-s-risk-updates-on-arbitrum,5,0,5,,2023-05-05 18:53:10,2023-06-12 16:10:46,1214,35,False,,False,True,[],gauntlet,4,"[{'extras': 'latest', 'description': 'Original Poster, Most Recent Poster', 'user_id': 4343, 'primary_group_id': None, 'flair_group_id': None}, {'extras': None, 'description': 'Frequent Poster', 'user_id': 2173, 'primary_group_id': None, 'flair_group_id': None}, {'extras': None, 'description': 'Frequent Poster', 'user_id': 11463, 'primary_group_id': None, 'flair_group_id': None}, {'extras': None, 'description': 'Frequent Poster', 'user_id': 11543, 'primary_group_id': None, 'flair_group_id': None}]",4343
14818,Voting Problem of mine,Voting Problem of mine,voting-problem-of-mine,3,0,3,,2023-06-10 07:33:22,2023-06-11 18:54:58,727,26,False,,False,True,[],mhiztasolid,4,"[{'extras': None, 'description': 'Original Poster', 'user_id': 11627, 'primary_group_id': None, 'flair_group_id': None}, {'extras': None, 'description': 'Frequent Poster', 'user_id': 9339, 'primary_group_id': None, 'flair_group_id': None}, {'extras': 'latest', 'description': 'Most Recent Poster', 'user_id': 1761, 'primary_group_id': None, 'flair_group_id': None}]",11627
14713,Love arbitrumüöÄ‚ô•Ô∏è,Love arbitrumüöÄ‚ô•Ô∏è,love-arbitrum,1,0,1,,2023-06-01 05:34:45,2023-06-01 05:34:45,708,7,False,,False,True,[],Yuhana,4,"[{'extras': 'latest single', 'description': 'Original Poster, Most Recent Poster', 'user_id': 3308, 'primary_group_id': None, 'flair_group_id': None}]",3308
14693,"[Request for Comment] Introducing the ""Arbitrum Almanac"" - A Community-Created Resource",[Request for Comment] Introducing the &ldquo;Arbitrum Almanac&rdquo; - A Community-Created Resource,request-for-comment-introducing-the-arbitrum-almanac-a-community-created-resource,2,0,2,,2023-05-30 15:36:25,2023-05-30 15:54:08,757,12,False,,False,True,['proposal'],brianfakhoury,4,"[{'extras': 'latest single', 'description': 'Original Poster, Most Recent Poster', 'user_id': 2024, 'primary_group_id': None, 'flair_group_id': None}]",2024
14685,What is the incentive to buy and hold ARB?,What is the incentive to buy and hold ARB?,what-is-the-incentive-to-buy-and-hold-arb,3,0,3,,2023-05-29 03:05:49,2023-05-30 15:09:32,787,4,False,,False,True,[],brianfakhoury,4,"[{'extras': None, 'description': 'Original Poster', 'user_id': 11569, 'primary_group_id': None, 'flair_group_id': None}, {'extras': None, 'description': 'Frequent Poster', 'user_id': 9339, 'primary_group_id': None, 'flair_group_id': None}, {'extras': 'latest', 'description': 'Most Recent Poster', 'user_id': 2024, 'primary_group_id': None, 'flair_group_id': None}]",11569
14677,Introducing Zeron Protocol: Revolutionizing Trust and Efficiency in Payments,Introducing Zeron Protocol: Revolutionizing Trust and Efficiency in Payments,introducing-zeron-protocol-revolutionizing-trust-and-efficiency-in-payments,4,2,5,,2023-05-27 12:27:50,2023-05-29 12:20:04,710,11,False,,False,True,[],Zeron_Mod,4,"[{'extras': 'latest', 'description': 'Original Poster, Most Recent Poster', 'user_id': 11563, 'primary_group_id': None, 'flair_group_id': None}, {'extras': None, 'description': 'Frequent Poster', 'user_id': 1761, 'primary_group_id': None, 'flair_group_id': None}, {'extras': None, 'description': 'Frequent Poster', 'user_id': 98, 'primary_group_id': None, 'flair_group_id': None}]",11563
13820,Check eligibility without connecting wallet?,Check eligibility without connecting wallet?,check-eligibility-without-connecting-wallet,6,2,6,,2023-04-13 03:48:12,2023-05-29 06:48:05,1228,17,False,,False,True,[],neozaru,4,"[{'extras': None, 'description': 'Original Poster', 'user_id': 11117, 'primary_group_id': None, 'flair_group_id': None}, {'extras': None, 'description': 'Frequent Poster', 'user_id': 9799, 'primary_group_id': None, 'flair_group_id': None}, {'extras': None, 'description': 'Frequent Poster', 'user_id': 9594, 'primary_group_id': None, 'flair_group_id': None}, {'extras': 'latest', 'description': 'Most Recent Poster', 'user_id': 10467, 'primary_group_id': None, 'flair_group_id': None}]",11117
12375,Creating active community in ARBITRUM,Creating active community in ARBITRUM,creating-active-community-in-arbitrum,10,2,10,,2023-03-28 07:38:46,2023-05-23 09:08:48,1397,45,False,,False,True,[],cornelia_arbitrum,4,"[{'extras': None, 'description': 'Original Poster', 'user_id': 10251, 'primary_group_id': None, 'flair_group_id': None}, {'extras': None, 'description': 'Frequent Poster', 'user_id': 10709, 'primary_group_id': None, 'flair_group_id': None}, {'extras': None, 'description': 'Frequent Poster', 'user_id': 10702, 'primary_group_id': None, 'flair_group_id': None}, {'extras': None, 'description': 'Frequent Poster', 'user_id': 2107, 'primary_group_id': None, 'flair_group_id': None}, {'extras': 'latest', 'description': 'Most Recent Poster', 'user_id': 11543, 'primary_group_id': None, 'flair_group_id': None}]",10251
3819,Main about Arbitrum,Main about Arbitrum,main-about-arbitrum,6,3,13,,2023-03-17 09:53:34,2023-05-13 08:13:31,1581,41,False,,False,True,[],HEY,4,"[{'extras': None, 'description': 'Original Poster', 'user_id': 3347, 'primary_group_id': None, 'flair_group_id': None}, {'extras': None, 'description': 'Frequent Poster', 'user_id': 10187, 'primary_group_id': None, 'flair_group_id': None}, {'extras': None, 'description': 'Frequent Poster', 'user_id': 3500, 'primary_group_id': None, 'flair_group_id': None}, {'extras': None, 'description': 'Frequent Poster', 'user_id': 10702, 'primary_group_id': None, 'flair_group_id': None}, {'extras': 'latest', 'description': 'Most Recent Poster', 'user_id': 11495, 'primary_group_id': None, 'flair_group_id': None}]",3347
13871,Replicating Arbitrum DAO Best Practices in the Ecosystem,Replicating Arbitrum DAO Best Practices in the Ecosystem,replicating-arbitrum-dao-best-practices-in-the-ecosystem,6,0,6,,2023-04-14 18:36:07,2023-05-15 10:54:54,1245,57,False,,False,True,[],Damboy,4,"[{'extras': None, 'description': 'Original Poster', 'user_id': 4807, 'primary_group_id': None, 'flair_group_id': None}, {'extras': None, 'description': 'Frequent Poster', 'user_id': 9339, 'primary_group_id': None, 'flair_group_id': None}, {'extras': None, 'description': 'Frequent Poster', 'user_id': 2082, 'primary_group_id': None, 'flair_group_id': None}, {'extras': None, 'description': 'Frequent Poster', 'user_id': 10655, 'primary_group_id': None, 'flair_group_id': None}, {'extras': 'latest', 'description': 'Most Recent Poster', 'user_id': 11463, 'primary_group_id': None, 'flair_group_id': None}]",4807
14400,BOPE - The First Memecoin on Arbitrum Nova - Help us Accelerate Nova Adoption,BOPE - The First Memecoin on Arbitrum Nova - Help us Accelerate Nova Adoption,bope-the-first-memecoin-on-arbitrum-nova-help-us-accelerate-nova-adoption,4,0,4,https://global.discourse-cdn.com/standard17/uploads/arbitrum1/original/2X/6/669877b2d5299d75740db87937adf9f3e24e67fa.jpeg,2023-05-09 20:54:29,2023-05-12 07:42:25,1144,7,False,,False,True,[],jengajojo,4,"[{'extras': None, 'description': 'Original Poster', 'user_id': 11431, 'primary_group_id': None, 'flair_group_id': None}, {'extras': None, 'description': 'Frequent Poster', 'user_id': 11433, 'primary_group_id': None, 'flair_group_id': None}, {'extras': None, 'description': 'Frequent Poster', 'user_id': 11470, 'primary_group_id': None, 'flair_group_id': None}, {'extras': 'latest', 'description': 'Most Recent Poster', 'user_id': 11201, 'primary_group_id': None, 'flair_group_id': None}]",11431
14236,Arbitrum Airdrop to DAOS,Arbitrum Airdrop to DAOS,arbitrum-airdrop-to-daos,5,0,5,,2023-05-01 01:16:33,2023-05-10 23:44:00,1220,24,False,,False,True,[],Guillermotell,4,"[{'extras': None, 'description': 'Original Poster', 'user_id': 10075, 'primary_group_id': None, 'flair_group_id': None}, {'extras': None, 'description': 'Frequent Poster', 'user_id': 7066, 'primary_group_id': None, 'flair_group_id': None}, {'extras': None, 'description': 'Frequent Poster', 'user_id': 11403, 'primary_group_id': None, 'flair_group_id': None}, {'extras': 'latest', 'description': 'Most Recent Poster', 'user_id': 11226, 'primary_group_id': None, 'flair_group_id': None}]",10075
14216,Giving but taking it back from the airdrop,Giving but taking it back from the airdrop,giving-but-taking-it-back-from-the-airdrop,1,0,1,,2023-04-30 04:01:35,2023-04-30 04:01:35,893,0,False,,False,True,[],Gundal212,4,"[{'extras': 'latest single', 'description': 'Original Poster, Most Recent Poster', 'user_id': 9183, 'primary_group_id': None, 'flair_group_id': None}]",9183
13763,[RFC] Maximizing Sequencer Revenue + Using It,[RFC] Maximizing Sequencer Revenue + Using It,rfc-maximizing-sequencer-revenue-using-it,12,2,13,,2023-04-11 17:31:50,2023-04-25 15:30:30,2024,83,False,,False,True,[],MattOnChain,4,"[{'extras': 'latest', 'description': 'Original Poster, Most Recent Poster', 'user_id': 10393, 'primary_group_id': None, 'flair_group_id': None}, {'extras': None, 'description': 'Frequent Poster', 'user_id': 4807, 'primary_group_id': None, 'flair_group_id': None}, {'extras': None, 'description': 'Frequent Poster', 'user_id': 10921, 'primary_group_id': None, 'flair_group_id': None}, {'extras': None, 'description': 'Frequent Poster', 'user_id': 7277, 'primary_group_id': None, 'flair_group_id': None}, {'extras': None, 'description': 'Frequent Poster', 'user_id': 10391, 'primary_group_id': None, 'flair_group_id': None}]",10393
13999,Arbitrum ardrop 2,Arbitrum ardrop 2,arbitrum-ardrop-2,4,2,4,https://global.discourse-cdn.com/standard17/uploads/arbitrum1/original/2X/c/cf8078b52b2ff2fbfed71fe210f59a6c1752999c.webp,2023-04-19 11:28:51,2023-04-20 08:25:37,1081,8,False,,False,True,[],Archetype,4,"[{'extras': 'latest', 'description': 'Original Poster, Most Recent Poster', 'user_id': 11241, 'primary_group_id': None, 'flair_group_id': None}, {'extras': None, 'description': 'Frequent Poster', 'user_id': 9799, 'primary_group_id': None, 'flair_group_id': None}, {'extras': None, 'description': 'Frequent Poster', 'user_id': 1239, 'primary_group_id': None, 'flair_group_id': None}]",11241
13931,Tool for $ARB delegates,Tool for $ARB delegates,tool-for-arb-delegates,2,0,2,https://global.discourse-cdn.com/standard17/uploads/arbitrum1/optimized/2X/6/64597db3af7c8ca220e96aca8f9e20a4bbfb0cff_2_1024x377.png,2023-04-16 23:51:24,2023-04-17 20:45:21,1067,14,False,,False,True,['delegation'],fig,4,"[{'extras': None, 'description': 'Original Poster', 'user_id': 255, 'primary_group_id': None, 'flair_group_id': None}, {'extras': 'latest', 'description': 'Most Recent Poster', 'user_id': 1139, 'primary_group_id': None, 'flair_group_id': None}]",255
13255,The current Governance Challenge,The current Governance Challenge,the-current-governance-challenge,2,0,2,,2023-04-04 10:01:27,2023-04-17 08:12:30,1139,1,False,,False,True,[],KLYK,4,"[{'extras': None, 'description': 'Original Poster', 'user_id': 10768, 'primary_group_id': None, 'flair_group_id': None}, {'extras': 'latest', 'description': 'Most Recent Poster', 'user_id': 11200, 'primary_group_id': None, 'flair_group_id': None}]",10768
13437,Shall we create a staking contract?,Shall we create a staking contract?,shall-we-create-a-staking-contract,3,0,3,,2023-04-06 06:48:30,2023-04-07 20:39:13,1111,11,False,,False,True,[],DrMath.eth,4,"[{'extras': None, 'description': 'Original Poster', 'user_id': 10854, 'primary_group_id': None, 'flair_group_id': None}, {'extras': None, 'description': 'Frequent Poster', 'user_id': 9799, 'primary_group_id': None, 'flair_group_id': None}, {'extras': 'latest', 'description': 'Most Recent Poster', 'user_id': 9339, 'primary_group_id': None, 'flair_group_id': None}]",10854
13447,Can somebody please help me figure out if I've been hacked just unknownly submited to DAO,Can somebody please help me figure out if I&rsquo;ve been hacked just unknownly submited to DAO,can-somebody-please-help-me-figure-out-if-ive-been-hacked-just-unknownly-submited-to-dao,4,1,4,,2023-04-06 09:18:57,2023-04-06 10:26:46,1116,3,False,,False,True,[],dubnet,4,"[{'extras': 'latest', 'description': 'Original Poster, Most Recent Poster', 'user_id': 6964, 'primary_group_id': None, 'flair_group_id': None}, {'extras': None, 'description': 'Frequent Poster', 'user_id': 9799, 'primary_group_id': None, 'flair_group_id': None}]",6964
13253,Spotlight ama & podcast,Spotlight ama &amp; podcast,spotlight-ama-podcast,4,1,4,,2023-04-04 09:55:27,2023-04-05 05:10:29,1060,17,False,,False,True,[],Sparky-Faker,4,"[{'extras': None, 'description': 'Original Poster', 'user_id': 10767, 'primary_group_id': None, 'flair_group_id': None}, {'extras': None, 'description': 'Frequent Poster', 'user_id': 10768, 'primary_group_id': None, 'flair_group_id': None}, {'extras': None, 'description': 'Frequent Poster', 'user_id': 10502, 'primary_group_id': None, 'flair_group_id': None}, {'extras': 'latest', 'description': 'Most Recent Poster', 'user_id': 10702, 'primary_group_id': None, 'flair_group_id': None}]",10767
13082,"Reasonable demands from the Arbitrum Team, and arguments for why the 750m funding for Foundation is not unreasonable","Reasonable demands from the Arbitrum Team, and arguments for why the 750m funding for Foundation is not unreasonable",reasonable-demands-from-the-arbitrum-team-and-arguments-for-why-the-750m-funding-for-foundation-is-not-unreasonable,6,2,6,https://global.discourse-cdn.com/standard17/uploads/arbitrum1/original/2X/4/4b906e1c5478d128cde8eeda691ade21defc114d.png,2023-04-02 20:44:36,2023-04-03 15:52:39,1425,7,False,,False,True,[],menaskop,4,"[{'extras': None, 'description': 'Original Poster', 'user_id': 7691, 'primary_group_id': None, 'flair_group_id': None}, {'extras': None, 'description': 'Frequent Poster', 'user_id': 10477, 'primary_group_id': None, 'flair_group_id': None}, {'extras': None, 'description': 'Frequent Poster', 'user_id': 10702, 'primary_group_id': None, 'flair_group_id': None}, {'extras': 'latest', 'description': 'Most Recent Poster', 'user_id': 1584, 'primary_group_id': None, 'flair_group_id': None}]",7691
6310,Exploring the Power of Nitro: A Deep Dive into the Technology Behind Arbitrum's Ethereum Compatibility,Exploring the Power of Nitro: A Deep Dive into the Technology Behind Arbitrum&rsquo;s Ethereum Compatibility,exploring-the-power-of-nitro-a-deep-dive-into-the-technology-behind-arbitrums-ethereum-compatibility,4,1,4,,2023-03-19 18:28:55,2023-04-03 13:39:52,1412,16,False,,False,True,[],Sparky-Faker,4,"[{'extras': None, 'description': 'Original Poster', 'user_id': 3546, 'primary_group_id': None, 'flair_group_id': None}, {'extras': None, 'description': 'Frequent Poster', 'user_id': 40, 'primary_group_id': None, 'flair_group_id': None}, {'extras': None, 'description': 'Frequent Poster', 'user_id': 3782, 'primary_group_id': None, 'flair_group_id': None}, {'extras': 'latest', 'description': 'Most Recent Poster', 'user_id': 10702, 'primary_group_id': None, 'flair_group_id': None}]",3546
12833,Conflict of interest disclosure,Conflict of interest disclosure,conflict-of-interest-disclosure,3,0,3,,2023-04-02 01:46:26,2023-04-03 10:59:25,1136,16,False,,False,True,[],Sparky-Faker,4,"[{'extras': None, 'description': 'Original Poster', 'user_id': 10510, 'primary_group_id': None, 'flair_group_id': None}, {'extras': None, 'description': 'Frequent Poster', 'user_id': 10502, 'primary_group_id': None, 'flair_group_id': None}, {'extras': 'latest', 'description': 'Most Recent Poster', 'user_id': 10702, 'primary_group_id': None, 'flair_group_id': None}]",10510
13147,Is a DAO governed only by voting by stakeholders or has some rights?,Is a DAO governed only by voting by stakeholders or has some rights?,is-a-dao-governed-only-by-voting-by-stakeholders-or-has-some-rights,1,0,1,,2023-04-03 05:39:30,2023-04-03 05:39:30,1032,1,False,,False,True,[],Emmas,4,"[{'extras': 'latest single', 'description': 'Original Poster, Most Recent Poster', 'user_id': 10707, 'primary_group_id': None, 'flair_group_id': None}]",10707
11752,Unregistered security,Unregistered security,unregistered-security,14,11,14,,2023-03-24 23:28:09,2023-03-30 02:23:51,1622,10,False,,False,True,[],Karmageddon,4,"[{'extras': None, 'description': 'Original Poster', 'user_id': 9482, 'primary_group_id': None, 'flair_group_id': None}, {'extras': None, 'description': 'Frequent Poster', 'user_id': 9799, 'primary_group_id': None, 'flair_group_id': None}, {'extras': None, 'description': 'Frequent Poster', 'user_id': 7308, 'primary_group_id': None, 'flair_group_id': None}, {'extras': None, 'description': 'Frequent Poster', 'user_id': 10279, 'primary_group_id': None, 'flair_group_id': None}, {'extras': 'latest', 'description': 'Most Recent Poster', 'user_id': 5733, 'primary_group_id': None, 'flair_group_id': None}]",9482
